{"numberOfNodes": 14, "nodes": [{"name": "S", "x": 70, "y": 90, "connections": [{"node": "B", "distance": 85}, {"node": "D", "distance": 28}, {"node": "H", "distance": 77}, {"node": "I", "distance": 90}, {"node": "J", "distance": 31}, {"node": "K", "distance": 30}, {"node": "T", "distance": 60}]}, {"name": "A", "x": 80, "y": 50, "connections": [{"node": "B", "distance": 6}, {"node": "D", "distance": 60}, {"node": "E", "distance": 79}, {"node": "H", "distance": 22}, {"node": "J", "distance": 25}, {"node": "K", "distance": 13}]}, {"name": "B", "x": 60, "y": 40, "connections": [{"node": "A", "distance": 29}, {"node": "H", "distance": 62}, {"node": "K", "distance": 14}]}, {"name": "C", "x": 80, "y": 0, "connections": [{"node": "E", "distance": 47}, {"node": "I", "distance": 87}, {"node": "K", "distance": 59}, {"node": "L", "distance": 123}]}, {"name": "D", "x": 100, "y": 60, "connections": [{"node": "A", "distance": 10}, {"node": "B", "distance": 30}, {"node": "C", "distance": 76}, {"node": "F", "distance": 69}, {"node": "G", "distance": 91}, {"node": "H", "distance": 72}, {"node": "J", "distance": 19}, {"node": "K", "distance": 16}, {"node": "T", "distance": 101}]}, {"name": "E", "x": 110, "y": 0, "connections": [{"node": "B", "distance": 76}, {"node": "C", "distance": 7}, {"node": "D", "distance": 99}, {"node": "J", "distance": 97}, {"node": "L", "distance": 117}, {"node": "T", "distance": 128}]}, {"name": "F", "x": 100, "y": 20, "connections": [{"node": "C", "distance": 45}, {"node": "E", "distance": 17}, {"node": "G", "distance": 96}, {"node": "H", "distance": 73}, {"node": "K", "distance": 43}, {"node": "T", "distance": 59}]}, {"name": "G", "x": 0, "y": 0, "connections": [{"node": "C", "distance": 83}, {"node": "D", "distance": 141}, {"node": "I", "distance": 109}, {"node": "J", "distance": 81}, {"node": "T", "distance": 46}]}, {"name": "H", "x": 50, "y": 40, "connections": [{"node": "A", "distance": 37}, {"node": "B", "distance": 24}, {"node": "E", "distance": 99}, {"node": "G", "distance": 86}, {"node": "I", "distance": 81}, {"node": "J", "distance": 32}, {"node": "K", "distance": 17}]}, {"name": "I", "x": 0, "y": 60, "connections": [{"node": "B", "distance": 30}, {"node": "G", "distance": 77}, {"node": "H", "distance": 95}, {"node": "J", "distance": 78}, {"node": "K", "distance": 56}, {"node": "L", "distance": 23}, {"node": "T", "distance": 45}]}, {"name": "J", "x": 50, "y": 80, "connections": [{"node": "B", "distance": 39}, {"node": "E", "distance": 103}, {"node": "F", "distance": 74}, {"node": "H", "distance": 46}, {"node": "I", "distance": 90}, {"node": "L", "distance": 45}, {"node": "T", "distance": 93}]}, {"name": "K", "x": 60, "y": 40, "connections": [{"node": "A", "distance": 6}, {"node": "B", "distance": 13}, {"node": "E", "distance": 107}, {"node": "H", "distance": 12}, {"node": "I", "distance": 85}, {"node": "J", "distance": 40}, {"node": "L", "distance": 40}, {"node": "T", "distance": 48}]}, {"name": "L", "x": 20, "y": 80, "connections": [{"node": "A", "distance": 62}, {"node": "B", "distance": 45}, {"node": "G", "distance": 120}, {"node": "H", "distance": 55}, {"node": "I", "distance": 53}, {"node": "K", "distance": 51}, {"node": "T", "distance": 59}]}, {"name": "T", "x": 20, "y": 40, "connections": []}]}