{"numberOfNodes": 12, "nodes": [{"name": "S", "x": 30, "y": 30, "connections": [{"node": "A", "distance": 22}, {"node": "B", "distance": 20}, {"node": "C", "distance": 33}, {"node": "D", "distance": 51}]}, {"name": "A", "x": 60, "y": 50, "connections": [{"node": "D", "distance": 46}, {"node": "E", "distance": 14}, {"node": "F", "distance": 46}, {"node": "H", "distance": 66}, {"node": "T", "distance": 140}]}, {"name": "B", "x": 20, "y": 50, "connections": [{"node": "A", "distance": 46}, {"node": "C", "distance": 22}, {"node": "H", "distance": 57}, {"node": "T", "distance": 39}]}, {"name": "C", "x": 10, "y": 20, "connections": [{"node": "B", "distance": 27}, {"node": "D", "distance": 69}, {"node": "T", "distance": 83}]}, {"name": "D", "x": 70, "y": 10, "connections": [{"node": "A", "distance": 20}, {"node": "C", "distance": 54}, {"node": "D", "distance": 6}, {"node": "E", "distance": 40}, {"node": "T", "distance": 88}]}, {"name": "E", "x": 90, "y": 50, "connections": [{"node": "A", "distance": 35}, {"node": "D", "distance": 74}, {"node": "G", "distance": 30}, {"node": "T", "distance": 72}]}, {"name": "F", "x": 70, "y": 90, "connections": [{"node": "E", "distance": 46}, {"node": "G", "distance": 30}, {"node": "J", "distance": 14}, {"node": "T", "distance": 21}]}, {"name": "G", "x": 100, "y": 80, "connections": [{"node": "E", "distance": 21}, {"node": "F", "distance": 7}, {"node": "T", "distance": 34}]}, {"name": "H", "x": 40, "y": 70, "connections": [{"node": "A", "distance": 25}, {"node": "B", "distance": 26}, {"node": "F", "distance": 65}, {"node": "I", "distance": 51}, {"node": "T", "distance": 21}]}, {"name": "I", "x": 10, "y": 90, "connections": [{"node": "H", "distance": 18}, {"node": "J", "distance": 64}, {"node": "T", "distance": 43}]}, {"name": "J", "x": 60, "y": 120, "connections": [{"node": "F", "distance": 34}, {"node": "I", "distance": 52}, {"node": "T", "distance": 47}]}, {"name": "T", "x": 40, "y": 100, "connections": []}]}