{"numberOfNodes": 13, "nodes": [{"name": "S", "x": 0, "y": 120, "connections": [{"node": "S", "distance": 47}, {"node": "A", "distance": 54}, {"node": "B", "distance": 55}, {"node": "C", "distance": 86}, {"node": "D", "distance": 124}, {"node": "K", "distance": 209}, {"node": "T", "distance": 164}]}, {"name": "A", "x": 0, "y": 70, "connections": [{"node": "B", "distance": 74}, {"node": "C", "distance": 104}, {"node": "D", "distance": 30}, {"node": "F", "distance": 8}, {"node": "G", "distance": 150}, {"node": "H", "distance": 26}]}, {"name": "B", "x": 20, "y": 120, "connections": [{"node": "B", "distance": 74}, {"node": "D", "distance": 49}, {"node": "E", "distance": 148}, {"node": "I", "distance": 169}, {"node": "K", "distance": 70}]}, {"name": "C", "x": 50, "y": 100, "connections": [{"node": "B", "distance": 55}, {"node": "C", "distance": 72}, {"node": "D", "distance": 38}, {"node": "F", "distance": 137}, {"node": "G", "distance": 152}, {"node": "J", "distance": 44}, {"node": "T", "distance": 51}]}, {"name": "D", "x": 20, "y": 60, "connections": [{"node": "A", "distance": 51}, {"node": "B", "distance": 36}, {"node": "C", "distance": 59}, {"node": "F", "distance": 38}, {"node": "H", "distance": 88}, {"node": "J", "distance": 50}, {"node": "K", "distance": 30}, {"node": "T", "distance": 156}]}, {"name": "E", "x": 140, "y": 70, "connections": [{"node": "I", "distance": 40}, {"node": "K", "distance": 60}, {"node": "T", "distance": 70}]}, {"name": "F", "x": 60, "y": 10, "connections": [{"node": "C", "distance": 93}, {"node": "D", "distance": 52}, {"node": "F", "distance": 17}, {"node": "G", "distance": 111}, {"node": "H", "distance": 56}, {"node": "T", "distance": 117}]}, {"name": "G", "x": 160, "y": 50, "connections": [{"node": "E", "distance": 65}, {"node": "H", "distance": 175}, {"node": "J", "distance": 99}, {"node": "T", "distance": 35}]}, {"name": "H", "x": 40, "y": 20, "connections": [{"node": "A", "distance": 39}, {"node": "C", "distance": 66}, {"node": "D", "distance": 16}, {"node": "F", "distance": 18}, {"node": "J", "distance": 81}, {"node": "T", "distance": 98}]}, {"name": "I", "x": 150, "y": 10, "connections": [{"node": "G", "distance": 57}, {"node": "T", "distance": 182}]}, {"name": "J", "x": 80, "y": 50, "connections": [{"node": "C", "distance": 93}, {"node": "F", "distance": 15}, {"node": "I", "distance": 87}, {"node": "J", "distance": 4}, {"node": "T", "distance": 151}]}, {"name": "K", "x": 90, "y": 100, "connections": [{"node": "G", "distance": 64}, {"node": "H", "distance": 100}, {"node": "I", "distance": 89}, {"node": "T", "distance": 57}]}, {"name": "T", "x": 120, "y": 110, "connections": []}]}